Year,Min_Open,Max_Open,Min_Close,Max_Close
"FY 1980-1981",0.097655997,0.160714,0.096539997,0.160714
