Year,Min_Open,Max_Open,Min_Close,Max_Close
"FY 2008-2009",15.19999981,31.62999916,15.14999962,31.79999924
